Workbook

Sheet Schedule of Values
A1: Schedule of Values | D1: Print: fits one page
A2: Break the contract sum into the line items you will bill against every period. The tie-out row at the bottom must read 0.00.
B4: Amber cells are yours to fill in. Everything else calculates.
A6: PROJECT | C6: CONTRACT
A7: Project name | C7: Contract date
A8: Project no. | C8: Original contract sum
A9: Site address | C9: Net approved change orders
A10: Contractor | C10: Contract sum to date | E10: =E8+E9
A11: To (owner / GC) | C11: Revision / date
A13: ITEM NO. | B13: DESCRIPTION OF WORK | C13: SCHEDULED VALUE | D13: % OF CONTRACT | E13: NOTES / BASIS
D14: =IF(OR($C14="",$E$10=0),"",C14/$E$10)
D15: =IF(OR($C15="",$E$10=0),"",C15/$E$10)
D16: =IF(OR($C16="",$E$10=0),"",C16/$E$10)
D17: =IF(OR($C17="",$E$10=0),"",C17/$E$10)
D18: =IF(OR($C18="",$E$10=0),"",C18/$E$10)
D19: =IF(OR($C19="",$E$10=0),"",C19/$E$10)
D20: =IF(OR($C20="",$E$10=0),"",C20/$E$10)
D21: =IF(OR($C21="",$E$10=0),"",C21/$E$10)
D22: =IF(OR($C22="",$E$10=0),"",C22/$E$10)
D23: =IF(OR($C23="",$E$10=0),"",C23/$E$10)
D24: =IF(OR($C24="",$E$10=0),"",C24/$E$10)
D25: =IF(OR($C25="",$E$10=0),"",C25/$E$10)
... D43: =IF(OR($C43="",$E$10=0),"",C43/$E$10)
B44: Total scheduled value | C44: =SUM(C14:C43) | D44: =IF($E$10=0,"",C44/$E$10)
B45: Tie-out: total scheduled value − contract sum to date (must be 0.00) | C45: =C44-$E$10
A47: Add approved change orders as new lines with the CO number as the item number and update the net approved change orders cell above, so the schedule always ties to the contract sum your pay applications bill against.
A49: PREPARED BY (CONTRACTOR) | D49: ACCEPTED BY (OWNER / GC)
A52: SIGNATURE | D52: SIGNATURE
A54: PRINTED NAME / TITLE | D54: PRINTED NAME / TITLE
A56: DATE | D56: DATE
A57: Free template by BuildWorkPro — buildworkpro.com/templates. Match the lines to how the work phases and keep every value defensible on a walkthrough. Not an AIA document.

Sheet Billing Tracker
A1: Billing Tracker | H1: Print: landscape, one page wide
A2: The continuation-sheet math for every line. Item numbers, descriptions and scheduled values pull from the Schedule of Values sheet; enter previous, this period and stored per line.
B4: Amber cells are yours to fill in. Everything else calculates. | F4: Application no. | I4: Period to
F5: Retainage rate | G5: 0.1 | I5: Contract sum to date | J5: ='Schedule of Values'!$E$10
A7: ITEM NO. | B7: DESCRIPTION OF WORK | C7: SCHEDULED VALUE | D7: PREVIOUS APPLICATIONS | E7: THIS PERIOD | F7: MATERIALS STORED | G7: TOTAL COMPLETED & STORED TO DATE | H7: % COMPLETE | I7: BALANCE TO FINISH | J7: RETAINAGE (RATE × TOTAL)
A8: =IF('Schedule of Values'!A14="","",'Schedule of Values'!A14) | B8: =IF('Schedule of Values'!B14="","",'Schedule of Values'!B14) | C8: =IF('Schedule of Values'!C14="","",'Schedule of Values'!C14) | G8: =IF($C8="","",D8+E8+F8) | H8: =IF(OR($C8="",$C8=0),"",G8/C8) | I8: =IF($C8="","",C8-G8) | J8: =IF($C8="","",ROUND(G8*$G$5,2))
A9: =IF('Schedule of Values'!A15="","",'Schedule of Values'!A15) | B9: =IF('Schedule of Values'!B15="","",'Schedule of Values'!B15) | C9: =IF('Schedule of Values'!C15="","",'Schedule of Values'!C15) | G9: =IF($C9="","",D9+E9+F9) | H9: =IF(OR($C9="",$C9=0),"",G9/C9) | I9: =IF($C9="","",C9-G9) | J9: =IF($C9="","",ROUND(G9*$G$5,2))
A10: =IF('Schedule of Values'!A16="","",'Schedule of Values'!A16) | B10: =IF('Schedule of Values'!B16="","",'Schedule of Values'!B16) | C10: =IF('Schedule of Values'!C16="","",'Schedule of Values'!C16) | G10: =IF($C10="","",D10+E10+F10) | H10: =IF(OR($C10="",$C10=0),"",G10/C10) | I10: =IF($C10="","",C10-G10) | J10: =IF($C10="","",ROUND(G10*$G$5,2))
A11: =IF('Schedule of Values'!A17="","",'Schedule of Values'!A17) | B11: =IF('Schedule of Values'!B17="","",'Schedule of Values'!B17) | C11: =IF('Schedule of Values'!C17="","",'Schedule of Values'!C17) | G11: =IF($C11="","",D11+E11+F11) | H11: =IF(OR($C11="",$C11=0),"",G11/C11) | I11: =IF($C11="","",C11-G11) | J11: =IF($C11="","",ROUND(G11*$G$5,2))
A12: =IF('Schedule of Values'!A18="","",'Schedule of Values'!A18) | B12: =IF('Schedule of Values'!B18="","",'Schedule of Values'!B18) | C12: =IF('Schedule of Values'!C18="","",'Schedule of Values'!C18) | G12: =IF($C12="","",D12+E12+F12) | H12: =IF(OR($C12="",$C12=0),"",G12/C12) | I12: =IF($C12="","",C12-G12) | J12: =IF($C12="","",ROUND(G12*$G$5,2))
A13: =IF('Schedule of Values'!A19="","",'Schedule of Values'!A19) | B13: =IF('Schedule of Values'!B19="","",'Schedule of Values'!B19) | C13: =IF('Schedule of Values'!C19="","",'Schedule of Values'!C19) | G13: =IF($C13="","",D13+E13+F13) | H13: =IF(OR($C13="",$C13=0),"",G13/C13) | I13: =IF($C13="","",C13-G13) | J13: =IF($C13="","",ROUND(G13*$G$5,2))
A14: =IF('Schedule of Values'!A20="","",'Schedule of Values'!A20) | B14: =IF('Schedule of Values'!B20="","",'Schedule of Values'!B20) | C14: =IF('Schedule of Values'!C20="","",'Schedule of Values'!C20) | G14: =IF($C14="","",D14+E14+F14) | H14: =IF(OR($C14="",$C14=0),"",G14/C14) | I14: =IF($C14="","",C14-G14) | J14: =IF($C14="","",ROUND(G14*$G$5,2))
A15: =IF('Schedule of Values'!A21="","",'Schedule of Values'!A21) | B15: =IF('Schedule of Values'!B21="","",'Schedule of Values'!B21) | C15: =IF('Schedule of Values'!C21="","",'Schedule of Values'!C21) | G15: =IF($C15="","",D15+E15+F15) | H15: =IF(OR($C15="",$C15=0),"",G15/C15) | I15: =IF($C15="","",C15-G15) | J15: =IF($C15="","",ROUND(G15*$G$5,2))
A16: =IF('Schedule of Values'!A22="","",'Schedule of Values'!A22) | B16: =IF('Schedule of Values'!B22="","",'Schedule of Values'!B22) | C16: =IF('Schedule of Values'!C22="","",'Schedule of Values'!C22) | G16: =IF($C16="","",D16+E16+F16) | H16: =IF(OR($C16="",$C16=0),"",G16/C16) | I16: =IF($C16="","",C16-G16) | J16: =IF($C16="","",ROUND(G16*$G$5,2))
A17: =IF('Schedule of Values'!A23="","",'Schedule of Values'!A23) | B17: =IF('Schedule of Values'!B23="","",'Schedule of Values'!B23) | C17: =IF('Schedule of Values'!C23="","",'Schedule of Values'!C23) | G17: =IF($C17="","",D17+E17+F17) | H17: =IF(OR($C17="",$C17=0),"",G17/C17) | I17: =IF($C17="","",C17-G17) | J17: =IF($C17="","",ROUND(G17*$G$5,2))
A18: =IF('Schedule of Values'!A24="","",'Schedule of Values'!A24) | B18: =IF('Schedule of Values'!B24="","",'Schedule of Values'!B24) | C18: =IF('Schedule of Values'!C24="","",'Schedule of Values'!C24) | G18: =IF($C18="","",D18+E18+F18) | H18: =IF(OR($C18="",$C18=0),"",G18/C18) | I18: =IF($C18="","",C18-G18) | J18: =IF($C18="","",ROUND(G18*$G$5,2))
A19: =IF('Schedule of Values'!A25="","",'Schedule of Values'!A25) | B19: =IF('Schedule of Values'!B25="","",'Schedule of Values'!B25) | C19: =IF('Schedule of Values'!C25="","",'Schedule of Values'!C25) | G19: =IF($C19="","",D19+E19+F19) | H19: =IF(OR($C19="",$C19=0),"",G19/C19) | I19: =IF($C19="","",C19-G19) | J19: =IF($C19="","",ROUND(G19*$G$5,2))
... A37: =IF('Schedule of Values'!A43="","",'Schedule of Values'!A43) | B37: =IF('Schedule of Values'!B43="","",'Schedule of Values'!B43) | C37: =IF('Schedule of Values'!C43="","",'Schedule of Values'!C43) | G37: =IF($C37="","",D37+E37+F37) | H37: =IF(OR($C37="",$C37=0),"",G37/C37) | I37: =IF($C37="","",C37-G37) | J37: =IF($C37="","",ROUND(G37*$G$5,2))
B38: Grand total | C38: =SUM(C8:C37) | D38: =SUM(D8:D37) | E38: =SUM(E8:E37) | F38: =SUM(F8:F37) | G38: =SUM(G8:G37) | H38: =IF(C38=0,"",G38/C38) | I38: =SUM(I8:I37) | J38: =SUM(J8:J37)
G40: THIS PERIOD AT A GLANCE
G41: Work completed and stored this period (E + F) | J41: =E38+F38
G42: Less retainage on this period | J42: =ROUND((E38+F38)*$G$5,2)
G43: Bill this period, net of retainage | J43: =J41-J42
G44: Total earned less retainage to date (G − retainage) | J44: =G38-J38
A46: Roll forward each period: once the application is approved, add This Period into Previous Applications as a value and clear This Period. Stored material that has since been installed leaves Materials Stored and is billed in This Period. The grand total row is what goes on the pay application's lines 4 and 5.
A48: Free template by BuildWorkPro — buildworkpro.com/templates. Pair with the free pay application template for the application and certificate page.

Sheet How to Use
A1: How to use the Schedule of Values Template
A4: 1. | B4: Fill in the project header and enter the original contract sum and the net of approved change orders — the contract sum to date is the number every line is measured against.
A5: 2. | B5: List one row per line item on the Schedule of Values sheet: item number, description, scheduled value. Match the lines to how the work phases (mobilization, underground, rough-in by system, equipment, finishes, closeout).
A6: 3. | B6: Watch the % of contract column and the tie-out row. The total must equal the contract sum to date; the tie-out turns red until it does.
A7: 4. | B7: When a change order is approved, add it as a new line with the CO number as the item number and update the net approved change orders cell. The schedule keeps tying out.
A8: 5. | B8: Each billing period, open the Billing Tracker and enter previous applications, this period and materials stored per line. Total, % complete, balance to finish and retainage compute; the grand total is what goes on your pay application.
B10: TIPS FROM THE FIELD
A11: • | B11: Keep every value defensible: you should be able to walk the GC through the site and show why a line is 60% complete.
A12: • | B12: Front-load carefully. Weighting mobilization and general conditions is common; an obviously inflated early line invites a rejected application.
A13: • | B13: Split labor and material on big-ticket lines when the GC allows it — stored material can then be billed before it is installed.
A14: • | B14: Do not make closeout lines too small to bother billing. That is how retainage release stalls.
A16: In BuildWorkPro the schedule of values is seeded from your accepted bid and approved change orders, stays tied to the contract sum, and carries forward into every pay application automatically.
B17: https://buildworkpro.com/features/pay-applications/
A19: Free template by BuildWorkPro — https://buildworkpro.com/templates/. Free to use and share for your own business. Not legal, accounting or engineering advice.
